A,B,gene,type,NS,S
EFV83_RS14510,EFV83_RS14510,phoR,DCC1,96,3
EFV83_RS04250,EFV83_RS04250,GtrA,DCC1,12,0
EFV83_RS11625,EFV83_RS11625,espR,DCC1,22,0
EFV83_RS23210,der,der,DCC1,52,1
EFV83_RS01240,nrdR,nrdR,DCC1,11,0
EFV83_RS13180,crp,crp,DCC1,30,0
EFV83_RS09680,EFV83_RS09680,MAB_4695c,DCC1,22,2
EFV83_RS20700,EFV83_RS20700,MAB_1881c,DCC1,88,4
EFV83_RS18635,EFV83_RS18635,yhfI,DCC1,25,1
EFV83_RS11920,EFV83_RS11920,ubiA,DCC1,34,2
EFV83_RS09180,EFV83_RS09180,MAB_4596c,DCC1,10,1
EFV83_RS03825,EFV83_RS03825,whiB1,DCC1,12,1
EFV83_RS16510,EFV83_RS16510,MAB_1068c,DCC1,44,2
EFV83_RS20890,EFV83_RS20890,MAB_1915,DCC1,34,6
EFV83_RS22830,erm(41),erm(41),DCC1,10,0
EFV83_RS09175,EFV83_RS09175,MlaD,DCC1,18,1
EFV83_RS14505,EFV83_RS14505,phoP,DCC1,14,1
EFV83_RS22805,EFV83_RS22805,MAB_2292c,DCC1,30,3
EFV83_RS05225,rplB,rplB,DCC1,31,2
EFV83_RS12000,EFV83_RS12000,embC,DCC1,71,7
EFV83_RS11135,gyrA,gyrA,DCC1,20,2
EFV83_RS06665,EFV83_RS06665,mps2,DCC1,53,9
EFV83_RS22995,EFV83_RS22995,MAB_2329c,DCC1,6,0
EFV83_RS13575,EFV83_RS13575,cya,DCC1,16,3
EFV83_RS05595,EFV83_RS05595,devS,DCC1,10,0
EFV83_RS06670,EFV83_RS06670,mps1,DCC1,71,11
MAB_4027,EFV83_RS06315,MAB_4027,DCC1,50,3
bisC,EFV83_RS01265,bisC,DCC1,9,2
narK,EFV83_RS03745,narK,DCC1,7,5
MAB_4699c,EFV83_RS09700,MAB_4699c,DCC1,13,1
MAB_1274,EFV83_RS17570,MAB_1274,DCC1,33,0
MCE4,EFV83_RS09195,MCE4,DCC1,11,1
EFV83_RS03115,nrdF,nrdF,DCC1,12,0
wag31,EFV83_RS21400,wag31,DCC1,6,0
yrbE5A,EFV83_RS16205,yrbE5A,DCC1,11,2
,EFV83_RS04910,EccC,DCC1,11,2
pks16,EFV83_RS16890,pks16,DCC1,11,0
sdhA,sdhA,sdhA,DCC1,6,3
MAB_4601c,EFV83_RS09205,MAB_4601c,DCC1,15,3
,EFV83_RS17290,MAB_1218,DCC1,10,1
MAB_0185c,EFV83_RS11980,MAB_0185c,DCC1,6,1
MAB_3462c,EFV83_RS03425,MAB_3462c,DCC1,6,1
,egtA,egtA,DCC1,5,0
furB,EFV83_RS19640,furB,DCC1,7,0
infB,infB,infB,DCC1,12,0
MAB_0140c,EFV83_RS11755,MAB_0140c,DCC1,9,2
MAB_2268c,EFV83_RS22680,MAB_2268c,DCC1,10,1
,EFV83_RS08245,MAB_4409,DCC1,10,3
,EFV83_RS15930,MAB_0955c,DCC1,5,2
,EFV83_RS06035,MAB_3972c,DCC1,9,1
,EFV83_RS03280,MAB_3435,DCC1,8,1
,EFV83_RS12465,tcyA/tcyB,DCC1,4,0
,EFV83_RS06625,MAB_4090,DCC1,7,1
,eis2,eis2,DCC1,4,1
,EFV83_RS10930,MAB_4936,DCC1,8,1
EFV83_RS14510,EFV83_RS14510,phoR,DCC2,26,0
EFV83_RS04250,EFV83_RS04250,GtrA,DCC2,12,0
EFV83_RS11625,EFV83_RS11625,espR,DCC2,3,0
EFV83_RS23210,der,der,DCC2,29,1
EFV83_RS01240,nrdR,nrdR,DCC2,10,0
EFV83_RS13180,crp,crp,DCC2,14,1
EFV83_RS09680,EFV83_RS09680,MAB_4695c,DCC2,3,0
EFV83_RS20700,EFV83_RS20700,MAB_1881c,DCC2,11,0
EFV83_RS18635,EFV83_RS18635,yhfI,DCC2,15,0
EFV83_RS11920,EFV83_RS11920,ubiA,DCC2,36,1
EFV83_RS09180,EFV83_RS09180,MAB_4596c,DCC2,8,0
EFV83_RS03825,EFV83_RS03825,whiB1,DCC2,1,0
EFV83_RS16510,EFV83_RS16510,MAB_1068c,DCC2,16,2
EFV83_RS20890,EFV83_RS20890,MAB_1915,DCC2,17,0
EFV83_RS22830,erm(41),erm(41),DCC2,3,0
EFV83_RS09175,EFV83_RS09175,MlaD,DCC2,3,1
EFV83_RS14505,EFV83_RS14505,phoP,DCC2,1,0
EFV83_RS22805,EFV83_RS22805,MAB_2292c,DCC2,3,0
EFV83_RS05225,rplB,rplB,DCC2,7,1
EFV83_RS12000,EFV83_RS12000,embC,DCC2,25,2
EFV83_RS11135,gyrA,gyrA,DCC2,6,0
EFV83_RS06665,EFV83_RS06665,mps2,DCC2,26,1
EFV83_RS22995,EFV83_RS22995,MAB_2329c,DCC2,0,0
EFV83_RS13575,EFV83_RS13575,cya,DCC2,2,0
EFV83_RS05595,EFV83_RS05595,devS,DCC2,3,0
EFV83_RS06670,EFV83_RS06670,mps1,DCC2,25,3
MAB_4027,EFV83_RS06315,MAB_4027,DCC2,1,1
bisC,EFV83_RS01265,bisC,DCC2,38,4
narK,EFV83_RS03745,narK,DCC2,28,1
MAB_4699c,EFV83_RS09700,MAB_4699c,DCC2,6,1
MAB_1274,EFV83_RS17570,MAB_1274,DCC2,0,0
MCE4,EFV83_RS09195,MCE4,DCC2,12,1
EFV83_RS03115,nrdF,nrdF,DCC2,7,0
wag31,EFV83_RS21400,wag31,DCC2,12,1
yrbE5A,EFV83_RS16205,yrbE5A,DCC2,2,0
,EFV83_RS04910,EccC,DCC2,2,1
pks16,EFV83_RS16890,pks16,DCC2,4,2
sdhA,sdhA,sdhA,DCC2,5,0
MAB_4601c,EFV83_RS09205,MAB_4601c,DCC2,1,0
,EFV83_RS17290,MAB_1218,DCC2,2,1
MAB_0185c,EFV83_RS11980,MAB_0185c,DCC2,2,0
MAB_3462c,EFV83_RS03425,MAB_3462c,DCC2,4,1
,egtA,egtA,DCC2,7,0
furB,EFV83_RS19640,furB,DCC2,5,1
infB,infB,infB,DCC2,3,2
MAB_0140c,EFV83_RS11755,MAB_0140c,DCC2,1,0
MAB_2268c,EFV83_RS22680,MAB_2268c,DCC2,2,0
,EFV83_RS08245,MAB_4409,DCC2,2,0
,EFV83_RS15930,MAB_0955c,DCC2,2,0
,EFV83_RS06035,MAB_3972c,DCC2,1,0
,EFV83_RS03280,MAB_3435,DCC2,2,1
,EFV83_RS12465,tcyA/tcyB,DCC2,6,0
,EFV83_RS06625,MAB_4090,DCC2,0,0
,eis2,eis2,DCC2,3,1
,EFV83_RS10930,MAB_4936,DCC2,3,2
EFV83_RS14510,MMASJCM_RS03295,phoR,DCC3,51,2
EFV83_RS04250,MMASJCM_RS17930,GtrA,DCC3,6,0
EFV83_RS11625,MMASJCM_RS00590,espR,DCC3,8,0
EFV83_RS23210,der,der,DCC3,3,0
EFV83_RS01240,nrdR,nrdR,DCC3,5,0
EFV83_RS13180,crp,crp,DCC3,5,0
EFV83_RS09680,MMASJCM_RS23565,MAB_4695c,DCC3,20,0
EFV83_RS20700,MMASJCM_RS25680,MAB_1881c,DCC3,0,0
EFV83_RS18635,MMASJCM_RS07435,yhfI,DCC3,7,1
EFV83_RS11920,MMASJCM_RS00865,ubiA,DCC3,10,0
EFV83_RS09180,MMASJCM_RS23055,MAB_4596c,DCC3,3,0
EFV83_RS03825,MMASJCM_RS17635,whiB1,DCC3,3,0
EFV83_RS16510,EFV83_RS16510,MAB_1068c,DCC3,0,0
EFV83_RS20890,MMASJCM_RS09555,MAB_1915,DCC3,47,2
EFV83_RS22830,erm(41),erm(41),DCC3,0,0
EFV83_RS09175,MMASJCM_RS23050,MlaD,DCC3,5,1
EFV83_RS14505,MMASJCM_RS03290,phoP,DCC3,11,1
EFV83_RS22805,EFV83_RS22805,MAB_2292c,DCC3,0,0
EFV83_RS05225,rplB,rplB,DCC3,0,1
EFV83_RS12000,MMASJCM_RS00945,embC,DCC3,18,1
EFV83_RS11135,gyrA,gyrA,DCC3,6,1
EFV83_RS06665,MMASJCM_RS20740,mps2,DCC3,33,2
EFV83_RS22995,MMASJCM_RS11305,MAB_2329c,DCC3,5,1
EFV83_RS13575,MMASJCM_RS02355,cya,DCC3,5,0
EFV83_RS05595,MMASJCM_RS19365,devS,DCC3,3,2
EFV83_RS06670,MMASJCM_RS20745,mps1,DCC3,28,8
MAB_4027,MMASJCM_RS20390,MAB_4027,DCC3,6,1
bisC,MMASJCM_RS15075,bisC,DCC3,3,2
narK,MMASJCM_RS17555,narK,DCC3,6,0
MAB_4699c,MMASJCM_RS23585,MAB_4699c,DCC3,16,0
MAB_1274,MMASJCM_RS06395,MAB_1274,DCC3,1,0
MCE4,MMASJCM_RS23070,MCE4,DCC3,2,1
EFV83_RS03115,nrdF,nrdF,DCC3,8,0
wag31,MMASJCM_RS10085,wag31,DCC3,4,1
yrbE5A,MMASJCM_RS04590,yrbE5A,DCC3,4,0
,MMASJCM_RS18695,EccC,DCC3,4,0
pks16,MMASJCM_RS05665,pks16,DCC3,3,1
sdhA,sdhA,sdhA,DCC3,5,0
MAB_4601c,MMASJCM_RS23080,MAB_4601c,DCC3,0,1
,MMASJCM_RS06140,MAB_1218,DCC3,4,0
MAB_0185c,MMASJCM_RS00925,MAB_0185c,DCC3,5,0
MAB_3462c,MMASJCM_RS17180,MAB_3462c,DCC3,3,0
,egtA,egtA,DCC3,3,0
furB,MMASJCM_RS08425,furB,DCC3,3,0
infB,infB,infB,DCC3,0,0
MAB_0140c,MMASJCM_RS00700,MAB_0140c,DCC3,4,0
MAB_2268c,MMASJCM_RS11010,MAB_2268c,DCC3,2,0
,MMASJCM_RS22145,MAB_4409,DCC3,0,0
,MMASJCM_RS04325,MAB_0955c,DCC3,4,0
,MMASJCM_RS20120,MAB_3972c,DCC3,2,0
,MMASJCM_RS17050,MAB_3435,DCC3,1,0
,MMASJCM_RS24705,tcyA/tcyB,DCC3,3,1
,MMASJCM_RS20700,MAB_4090,DCC3,2,0
,eis2,eis2,DCC3,2,0
,MMASJCM_RS24435,MAB_4936,DCC3,2,0
EFV83_RS14510,EFV83_RS14510,phoR,DCC4,19,0
EFV83_RS04250,EFV83_RS04250,GtrA,DCC4,4,1
EFV83_RS11625,EFV83_RS11625,espR,DCC4,2,1
EFV83_RS23210,der,der,DCC4,5,0
EFV83_RS01240,nrdR,nrdR,DCC4,0,0
EFV83_RS13180,crp,crp,DCC4,0,0
EFV83_RS09680,EFV83_RS09680,MAB_4695c,DCC4,5,0
EFV83_RS20700,EFV83_RS20700,MAB_1881c,DCC4,8,0
EFV83_RS18635,EFV83_RS18635,yhfI,DCC4,0,0
EFV83_RS11920,EFV83_RS11920,ubiA,DCC4,5,0
EFV83_RS09180,EFV83_RS09180,MAB_4596c,DCC4,0,0
EFV83_RS03825,EFV83_RS03825,whiB1,DCC4,0,0
EFV83_RS16510,EFV83_RS16510,MAB_1068c,DCC4,4,0
EFV83_RS20890,EFV83_RS20890,MAB_1915,DCC4,5,0
EFV83_RS22830,erm(41),erm(41),DCC4,0,0
EFV83_RS09175,EFV83_RS09175,MlaD,DCC4,0,0
EFV83_RS14505,EFV83_RS14505,phoP,DCC4,2,0
EFV83_RS22805,EFV83_RS22805,MAB_2292c,DCC4,1,0
EFV83_RS05225,rplB,rplB,DCC4,3,0
EFV83_RS12000,EFV83_RS12000,embC,DCC4,7,0
EFV83_RS11135,gyrA,gyrA,DCC4,1,0
EFV83_RS06665,EFV83_RS06665,mps2,DCC4,8,0
EFV83_RS22995,EFV83_RS22995,MAB_2329c,DCC4,0,0
EFV83_RS13575,EFV83_RS13575,cya,DCC4,3,0
EFV83_RS05595,EFV83_RS05595,devS,DCC4,0,0
EFV83_RS06670,EFV83_RS06670,mps1,DCC4,12,3
MAB_4027,EFV83_RS06315,MAB_4027,DCC4,3,0
bisC,EFV83_RS01265,bisC,DCC4,3,0
narK,EFV83_RS03745,narK,DCC4,0,0
MAB_4699c,EFV83_RS09700,MAB_4699c,DCC4,0,0
MAB_1274,EFV83_RS17570,MAB_1274,DCC4,0,0
MCE4,EFV83_RS09195,MCE4,DCC4,1,0
EFV83_RS03115,nrdF,nrdF,DCC4,0,0
wag31,EFV83_RS21400,wag31,DCC4,0,2
yrbE5A,EFV83_RS16205,yrbE5A,DCC4,0,0
,EFV83_RS04910,EccC,DCC4,1,0
pks16,EFV83_RS16890,pks16,DCC4,1,0
sdhA,sdhA,sdhA,DCC4,1,0
MAB_4601c,EFV83_RS09205,MAB_4601c,DCC4,0,0
,EFV83_RS17290,MAB_1218,DCC4,1,0
MAB_0185c,EFV83_RS11980,MAB_0185c,DCC4,0,0
MAB_3462c,EFV83_RS03425,MAB_3462c,DCC4,1,0
,egtA,egtA,DCC4,0,0
furB,EFV83_RS19640,furB,DCC4,0,0
infB,infB,infB,DCC4,0,0
MAB_0140c,EFV83_RS11755,MAB_0140c,DCC4,1,0
MAB_2268c,EFV83_RS22680,MAB_2268c,DCC4,0,0
,EFV83_RS08245,MAB_4409,DCC4,0,0
,EFV83_RS15930,MAB_0955c,DCC4,2,0
,EFV83_RS06035,MAB_3972c,DCC4,0,1
,EFV83_RS03280,MAB_3435,DCC4,0,0
,EFV83_RS12465,tcyA/tcyB,DCC4,0,0
,EFV83_RS06625,MAB_4090,DCC4,0,0
,eis2,eis2,DCC4,1,0
,EFV83_RS10930,MAB_4936,DCC4,0,0
EFV83_RS14510,EFV83_RS14510,phoR,DCC5,0,0
EFV83_RS04250,EFV83_RS04250,GtrA,DCC5,0,0
EFV83_RS11625,EFV83_RS11625,espR,DCC5,0,0
EFV83_RS23210,der,der,DCC5,0,1
EFV83_RS01240,nrdR,nrdR,DCC5,1,0
EFV83_RS13180,crp,crp,DCC5,0,0
EFV83_RS09680,EFV83_RS09680,MAB_4695c,DCC5,1,0
EFV83_RS20700,EFV83_RS20700,MAB_1881c,DCC5,1,0
EFV83_RS18635,EFV83_RS18635,yhfI,DCC5,1,0
EFV83_RS11920,EFV83_RS11920,ubiA,DCC5,0,0
EFV83_RS09180,EFV83_RS09180,MAB_4596c,DCC5,2,0
EFV83_RS03825,EFV83_RS03825,whiB1,DCC5,0,0
EFV83_RS16510,EFV83_RS16510,MAB_1068c,DCC5,0,0
EFV83_RS20890,EFV83_RS20890,MAB_1915,DCC5,0,0
EFV83_RS22830,erm(41),erm(41),DCC5,0,1
EFV83_RS09175,EFV83_RS09175,MlaD,DCC5,1,0
EFV83_RS14505,EFV83_RS14505,phoP,DCC5,0,0
EFV83_RS22805,EFV83_RS22805,MAB_2292c,DCC5,0,0
EFV83_RS05225,rplB,rplB,DCC5,0,0
EFV83_RS12000,EFV83_RS12000,embC,DCC5,1,0
EFV83_RS11135,gyrA,gyrA,DCC5,1,0
EFV83_RS06665,EFV83_RS06665,mps2,DCC5,5,0
EFV83_RS22995,EFV83_RS22995,MAB_2329c,DCC5,0,0
EFV83_RS13575,EFV83_RS13575,cya,DCC5,2,2
EFV83_RS05595,EFV83_RS05595,devS,DCC5,0,0
EFV83_RS06670,EFV83_RS06670,mps1,DCC5,4,0
MAB_4027,EFV83_RS06315,MAB_4027,DCC5,2,0
bisC,EFV83_RS01265,bisC,DCC5,2,0
narK,EFV83_RS03745,narK,DCC5,0,0
MAB_4699c,EFV83_RS09700,MAB_4699c,DCC5,0,0
MAB_1274,EFV83_RS17570,MAB_1274,DCC5,0,0
MCE4,EFV83_RS09195,MCE4,DCC5,2,0
EFV83_RS03115,nrdF,nrdF,DCC5,0,0
wag31,EFV83_RS21400,wag31,DCC5,0,0
yrbE5A,EFV83_RS16205,yrbE5A,DCC5,0,0
,EFV83_RS04910,EccC,DCC5,0,0
pks16,EFV83_RS16890,pks16,DCC5,1,0
sdhA,sdhA,sdhA,DCC5,0,0
MAB_4601c,EFV83_RS09205,MAB_4601c,DCC5,0,0
,EFV83_RS17290,MAB_1218,DCC5,0,0
MAB_0185c,EFV83_RS11980,MAB_0185c,DCC5,1,0
MAB_3462c,EFV83_RS03425,MAB_3462c,DCC5,1,0
,egtA,egtA,DCC5,0,1
furB,EFV83_RS19640,furB,DCC5,0,0
infB,infB,infB,DCC5,0,0
MAB_0140c,EFV83_RS11755,MAB_0140c,DCC5,0,0
MAB_2268c,EFV83_RS22680,MAB_2268c,DCC5,1,1
,EFV83_RS08245,MAB_4409,DCC5,2,0
,EFV83_RS15930,MAB_0955c,DCC5,0,0
,EFV83_RS06035,MAB_3972c,DCC5,0,0
,EFV83_RS03280,MAB_3435,DCC5,2,0
,EFV83_RS12465,tcyA/tcyB,DCC5,0,0
,EFV83_RS06625,MAB_4090,DCC5,0,0
,eis2,eis2,DCC5,0,0
,EFV83_RS10930,MAB_4936,DCC5,0,0
EFV83_RS14510,MMASJCM_RS03295,phoR,DCC6,11,0
EFV83_RS04250,MMASJCM_RS17930,GtrA,DCC6,3,0
EFV83_RS11625,MMASJCM_RS00590,espR,DCC6,0,0
EFV83_RS23210,der,der,DCC6,0,0
EFV83_RS01240,nrdR,nrdR,DCC6,1,0
EFV83_RS13180,crp,crp,DCC6,1,1
EFV83_RS09680,MMASJCM_RS23565,MAB_4695c,DCC6,0,0
EFV83_RS20700,MMASJCM_RS25680,MAB_1881c,DCC6,4,0
EFV83_RS18635,MMASJCM_RS07435,yhfI,DCC6,1,0
EFV83_RS11920,MMASJCM_RS00865,ubiA,DCC6,2,0
EFV83_RS09180,MMASJCM_RS23055,MAB_4596c,DCC6,0,0
EFV83_RS03825,MMASJCM_RS17635,whiB1,DCC6,1,0
EFV83_RS16510,EFV83_RS16510,MAB_1068c,DCC6,0,0
EFV83_RS20890,MMASJCM_RS09555,MAB_1915,DCC6,10,0
EFV83_RS22830,erm(41),erm(41),DCC6,0,0
EFV83_RS09175,MMASJCM_RS23050,MlaD,DCC6,0,0
EFV83_RS14505,MMASJCM_RS03290,phoP,DCC6,1,0
EFV83_RS22805,EFV83_RS22805,MAB_2292c,DCC6,0,0
EFV83_RS05225,rplB,rplB,DCC6,0,0
EFV83_RS12000,MMASJCM_RS00945,embC,DCC6,7,0
EFV83_RS11135,gyrA,gyrA,DCC6,2,0
EFV83_RS06665,MMASJCM_RS20740,mps2,DCC6,6,3
EFV83_RS22995,MMASJCM_RS11305,MAB_2329c,DCC6,0,0
EFV83_RS13575,MMASJCM_RS02355,cya,DCC6,1,1
EFV83_RS05595,MMASJCM_RS19365,devS,DCC6,0,0
EFV83_RS06670,MMASJCM_RS20745,mps1,DCC6,6,1
MAB_4027,MMASJCM_RS20390,MAB_4027,DCC6,2,0
bisC,MMASJCM_RS15075,bisC,DCC6,2,1
narK,MMASJCM_RS17555,narK,DCC6,0,1
MAB_4699c,MMASJCM_RS23585,MAB_4699c,DCC6,2,0
MAB_1274,MMASJCM_RS06395,MAB_1274,DCC6,0,1
MCE4,MMASJCM_RS23070,MCE4,DCC6,3,0
EFV83_RS03115,nrdF,nrdF,DCC6,0,1
wag31,MMASJCM_RS10085,wag31,DCC6,0,1
yrbE5A,MMASJCM_RS04590,yrbE5A,DCC6,2,0
,MMASJCM_RS18695,EccC,DCC6,2,0
pks16,MMASJCM_RS05665,pks16,DCC6,0,0
sdhA,sdhA,sdhA,DCC6,1,0
MAB_4601c,MMASJCM_RS23080,MAB_4601c,DCC6,3,0
,MMASJCM_RS06140,MAB_1218,DCC6,0,0
MAB_0185c,MMASJCM_RS00925,MAB_0185c,DCC6,2,1
MAB_3462c,MMASJCM_RS17180,MAB_3462c,DCC6,1,0
,egtA,egtA,DCC6,0,1
furB,MMASJCM_RS08425,furB,DCC6,0,0
infB,infB,infB,DCC6,0,0
MAB_0140c,MMASJCM_RS00700,MAB_0140c,DCC6,0,0
MAB_2268c,MMASJCM_RS11010,MAB_2268c,DCC6,0,0
,MMASJCM_RS22145,MAB_4409,DCC6,0,0
,MMASJCM_RS04325,MAB_0955c,DCC6,1,0
,MMASJCM_RS20120,MAB_3972c,DCC6,1,0
,MMASJCM_RS17050,MAB_3435,DCC6,0,0
,MMASJCM_RS24705,tcyA/tcyB,DCC6,0,1
,MMASJCM_RS20700,MAB_4090,DCC6,3,0
,eis2,eis2,DCC6,2,0
,MMASJCM_RS24435,MAB_4936,DCC6,0,0
EFV83_RS14510,MMASJCM_RS03295,phoR,DCC7,3,0
EFV83_RS04250,MMASJCM_RS17930,GtrA,DCC7,1,0
EFV83_RS11625,MMASJCM_RS00590,espR,DCC7,1,0
EFV83_RS23210,der,der,DCC7,1,0
EFV83_RS01240,nrdR,nrdR,DCC7,1,1
EFV83_RS13180,crp,crp,DCC7,2,0
EFV83_RS09680,MMASJCM_RS23565,MAB_4695c,DCC7,1,0
EFV83_RS20700,MMASJCM_RS25680,MAB_1881c,DCC7,0,0
EFV83_RS18635,MMASJCM_RS07435,yhfI,DCC7,1,0
EFV83_RS11920,MMASJCM_RS00865,ubiA,DCC7,6,0
EFV83_RS09180,MMASJCM_RS23055,MAB_4596c,DCC7,2,1
EFV83_RS03825,MMASJCM_RS17635,whiB1,DCC7,0,0
EFV83_RS16510,EFV83_RS16510,MAB_1068c,DCC7,0,0
EFV83_RS20890,MMASJCM_RS09555,MAB_1915,DCC7,0,0
EFV83_RS22830,erm(41),erm(41),DCC7,0,0
EFV83_RS09175,MMASJCM_RS23050,MlaD,DCC7,3,0
EFV83_RS14505,MMASJCM_RS03290,phoP,DCC7,0,0
EFV83_RS22805,EFV83_RS22805,MAB_2292c,DCC7,0,0
EFV83_RS05225,rplB,rplB,DCC7,0,0
EFV83_RS12000,MMASJCM_RS00945,embC,DCC7,6,3
EFV83_RS11135,gyrA,gyrA,DCC7,0,1
EFV83_RS06665,MMASJCM_RS20740,mps2,DCC7,7,1
EFV83_RS22995,MMASJCM_RS11305,MAB_2329c,DCC7,7,1
EFV83_RS13575,MMASJCM_RS02355,cya,DCC7,2,0
EFV83_RS05595,MMASJCM_RS19365,devS,DCC7,1,2
EFV83_RS06670,MMASJCM_RS20745,mps1,DCC7,5,2
MAB_4027,MMASJCM_RS20390,MAB_4027,DCC7,0,0
bisC,MMASJCM_RS15075,bisC,DCC7,0,0
narK,MMASJCM_RS17555,narK,DCC7,2,0
MAB_4699c,MMASJCM_RS23585,MAB_4699c,DCC7,0,0
MAB_1274,MMASJCM_RS06395,MAB_1274,DCC7,1,4
MCE4,MMASJCM_RS23070,MCE4,DCC7,2,0
EFV83_RS03115,nrdF,nrdF,DCC7,0,0
wag31,MMASJCM_RS10085,wag31,DCC7,0,0
yrbE5A,MMASJCM_RS04590,yrbE5A,DCC7,2,0
,MMASJCM_RS18695,EccC,DCC7,0,0
pks16,MMASJCM_RS05665,pks16,DCC7,0,0
sdhA,sdhA,sdhA,DCC7,2,0
MAB_4601c,MMASJCM_RS23080,MAB_4601c,DCC7,0,0
,MMASJCM_RS06140,MAB_1218,DCC7,1,0
MAB_0185c,MMASJCM_RS00925,MAB_0185c,DCC7,0,0
MAB_3462c,MMASJCM_RS17180,MAB_3462c,DCC7,0,0
,egtA,egtA,DCC7,1,0
furB,MMASJCM_RS08425,furB,DCC7,0,0
infB,infB,infB,DCC7,0,0
MAB_0140c,MMASJCM_RS00700,MAB_0140c,DCC7,0,0
MAB_2268c,MMASJCM_RS11010,MAB_2268c,DCC7,0,0
,MMASJCM_RS22145,MAB_4409,DCC7,1,0
,MMASJCM_RS04325,MAB_0955c,DCC7,0,0
,MMASJCM_RS20120,MAB_3972c,DCC7,1,0
,MMASJCM_RS17050,MAB_3435,DCC7,0,0
,MMASJCM_RS24705,tcyA/tcyB,DCC7,0,0
,MMASJCM_RS20700,MAB_4090,DCC7,1,1
,eis2,eis2,DCC7,1,0
,MMASJCM_RS24435,MAB_4936,DCC7,0,0
EFV83_RS14510,EFV83_RS14510,phoR,eDCC10,3,0
EFV83_RS04250,EFV83_RS04250,GtrA,eDCC10,0,0
EFV83_RS11625,EFV83_RS11625,espR,eDCC10,0,0
EFV83_RS23210,der,der,eDCC10,1,0
EFV83_RS01240,nrdR,nrdR,eDCC10,0,0
EFV83_RS13180,crp,crp,eDCC10,0,0
EFV83_RS09680,EFV83_RS09680,MAB_4695c,eDCC10,0,0
EFV83_RS20700,EFV83_RS20700,MAB_1881c,eDCC10,3,0
EFV83_RS18635,EFV83_RS18635,yhfI,eDCC10,0,0
EFV83_RS11920,EFV83_RS11920,ubiA,eDCC10,1,0
EFV83_RS09180,EFV83_RS09180,MAB_4596c,eDCC10,0,0
EFV83_RS03825,EFV83_RS03825,whiB1,eDCC10,1,0
EFV83_RS16510,EFV83_RS16510,MAB_1068c,eDCC10,0,0
EFV83_RS20890,EFV83_RS20890,MAB_1915,eDCC10,1,2
EFV83_RS22830,erm(41),erm(41),eDCC10,0,0
EFV83_RS09175,EFV83_RS09175,MlaD,eDCC10,0,0
EFV83_RS14505,EFV83_RS14505,phoP,eDCC10,0,0
EFV83_RS22805,EFV83_RS22805,MAB_2292c,eDCC10,0,0
EFV83_RS05225,rplB,rplB,eDCC10,1,0
EFV83_RS12000,EFV83_RS12000,embC,eDCC10,2,0
EFV83_RS11135,gyrA,gyrA,eDCC10,0,0
EFV83_RS06665,EFV83_RS06665,mps2,eDCC10,1,0
EFV83_RS22995,EFV83_RS22995,MAB_2329c,eDCC10,0,0
EFV83_RS13575,EFV83_RS13575,cya,eDCC10,0,0
EFV83_RS05595,EFV83_RS05595,devS,eDCC10,0,0
EFV83_RS06670,EFV83_RS06670,mps1,eDCC10,3,1
MAB_4027,EFV83_RS06315,MAB_4027,eDCC10,0,0
bisC,EFV83_RS01265,bisC,eDCC10,0,0
narK,EFV83_RS03745,narK,eDCC10,0,0
MAB_4699c,EFV83_RS09700,MAB_4699c,eDCC10,1,0
MAB_1274,EFV83_RS17570,MAB_1274,eDCC10,0,0
MCE4,EFV83_RS09195,MCE4,eDCC10,0,0
EFV83_RS03115,nrdF,nrdF,eDCC10,0,0
wag31,EFV83_RS21400,wag31,eDCC10,0,0
yrbE5A,EFV83_RS16205,yrbE5A,eDCC10,0,0
,EFV83_RS04910,EccC,eDCC10,0,0
pks16,EFV83_RS16890,pks16,eDCC10,1,0
sdhA,sdhA,sdhA,eDCC10,0,0
MAB_4601c,EFV83_RS09205,MAB_4601c,eDCC10,0,0
,EFV83_RS17290,MAB_1218,eDCC10,0,0
MAB_0185c,EFV83_RS11980,MAB_0185c,eDCC10,0,0
MAB_3462c,EFV83_RS03425,MAB_3462c,eDCC10,0,0
,egtA,egtA,eDCC10,0,0
furB,EFV83_RS19640,furB,eDCC10,0,0
infB,infB,infB,eDCC10,0,0
MAB_0140c,EFV83_RS11755,MAB_0140c,eDCC10,0,0
MAB_2268c,EFV83_RS22680,MAB_2268c,eDCC10,0,0
,EFV83_RS08245,MAB_4409,eDCC10,0,0
,EFV83_RS15930,MAB_0955c,eDCC10,0,0
,EFV83_RS06035,MAB_3972c,eDCC10,0,0
,EFV83_RS03280,MAB_3435,eDCC10,0,1
,EFV83_RS12465,tcyA/tcyB,eDCC10,0,0
,EFV83_RS06625,MAB_4090,eDCC10,0,1
,eis2,eis2,eDCC10,0,0
,EFV83_RS10930,MAB_4936,eDCC10,0,0
EFV83_RS14510,EFV83_RS14510,phoR,eDCC11,4,1
EFV83_RS04250,EFV83_RS04250,GtrA,eDCC11,2,0
EFV83_RS11625,EFV83_RS11625,espR,eDCC11,0,2
EFV83_RS23210,der,der,eDCC11,1,0
EFV83_RS01240,nrdR,nrdR,eDCC11,1,0
EFV83_RS13180,crp,crp,eDCC11,1,0
EFV83_RS09680,EFV83_RS09680,MAB_4695c,eDCC11,1,1
EFV83_RS20700,EFV83_RS20700,MAB_1881c,eDCC11,2,0
EFV83_RS18635,EFV83_RS18635,yhfI,eDCC11,1,0
EFV83_RS11920,EFV83_RS11920,ubiA,eDCC11,4,0
EFV83_RS09180,EFV83_RS09180,MAB_4596c,eDCC11,0,0
EFV83_RS03825,EFV83_RS03825,whiB1,eDCC11,0,0
EFV83_RS16510,EFV83_RS16510,MAB_1068c,eDCC11,1,0
EFV83_RS20890,EFV83_RS20890,MAB_1915,eDCC11,2,0
EFV83_RS22830,erm(41),erm(41),eDCC11,0,2
EFV83_RS09175,EFV83_RS09175,MlaD,eDCC11,0,0
EFV83_RS14505,EFV83_RS14505,phoP,eDCC11,0,0
EFV83_RS22805,EFV83_RS22805,MAB_2292c,eDCC11,0,0
EFV83_RS05225,rplB,rplB,eDCC11,0,0
EFV83_RS12000,EFV83_RS12000,embC,eDCC11,1,0
EFV83_RS11135,gyrA,gyrA,eDCC11,1,0
EFV83_RS06665,EFV83_RS06665,mps2,eDCC11,5,1
EFV83_RS22995,EFV83_RS22995,MAB_2329c,eDCC11,0,0
EFV83_RS13575,EFV83_RS13575,cya,eDCC11,0,0
EFV83_RS05595,EFV83_RS05595,devS,eDCC11,0,0
EFV83_RS06670,EFV83_RS06670,mps1,eDCC11,3,1
MAB_4027,EFV83_RS06315,MAB_4027,eDCC11,0,0
bisC,EFV83_RS01265,bisC,eDCC11,0,1
narK,EFV83_RS03745,narK,eDCC11,0,0
MAB_4699c,EFV83_RS09700,MAB_4699c,eDCC11,0,0
MAB_1274,EFV83_RS17570,MAB_1274,eDCC11,0,0
MCE4,EFV83_RS09195,MCE4,eDCC11,0,0
EFV83_RS03115,nrdF,nrdF,eDCC11,1,0
wag31,EFV83_RS21400,wag31,eDCC11,0,0
yrbE5A,EFV83_RS16205,yrbE5A,eDCC11,0,0
,EFV83_RS04910,EccC,eDCC11,3,0
pks16,EFV83_RS16890,pks16,eDCC11,1,0
sdhA,sdhA,sdhA,eDCC11,0,0
MAB_4601c,EFV83_RS09205,MAB_4601c,eDCC11,1,1
,EFV83_RS17290,MAB_1218,eDCC11,0,0
MAB_0185c,EFV83_RS11980,MAB_0185c,eDCC11,0,0
MAB_3462c,EFV83_RS03425,MAB_3462c,eDCC11,0,0
,egtA,egtA,eDCC11,1,0
furB,EFV83_RS19640,furB,eDCC11,0,0
infB,infB,infB,eDCC11,0,0
MAB_0140c,EFV83_RS11755,MAB_0140c,eDCC11,1,0
MAB_2268c,EFV83_RS22680,MAB_2268c,eDCC11,0,0
,EFV83_RS08245,MAB_4409,eDCC11,0,0
,EFV83_RS15930,MAB_0955c,eDCC11,0,0
,EFV83_RS06035,MAB_3972c,eDCC11,0,0
,EFV83_RS03280,MAB_3435,eDCC11,1,0
,EFV83_RS12465,tcyA/tcyB,eDCC11,0,1
,EFV83_RS06625,MAB_4090,eDCC11,0,0
,eis2,eis2,eDCC11,0,0
,EFV83_RS10930,MAB_4936,eDCC11,0,0
EFV83_RS14510,EFV83_RS14510,phoR,eDCC12,10,1
EFV83_RS04250,EFV83_RS04250,GtrA,eDCC12,1,0
EFV83_RS11625,EFV83_RS11625,espR,eDCC12,3,0
EFV83_RS23210,der,der,eDCC12,7,0
EFV83_RS01240,nrdR,nrdR,eDCC12,2,0
EFV83_RS13180,crp,crp,eDCC12,4,0
EFV83_RS09680,EFV83_RS09680,MAB_4695c,eDCC12,3,0
EFV83_RS20700,EFV83_RS20700,MAB_1881c,eDCC12,13,0
EFV83_RS18635,EFV83_RS18635,yhfI,eDCC12,4,0
EFV83_RS11920,EFV83_RS11920,ubiA,eDCC12,3,1
EFV83_RS09180,EFV83_RS09180,MAB_4596c,eDCC12,0,0
EFV83_RS03825,EFV83_RS03825,whiB1,eDCC12,2,0
EFV83_RS16510,EFV83_RS16510,MAB_1068c,eDCC12,4,0
EFV83_RS20890,EFV83_RS20890,MAB_1915,eDCC12,1,0
EFV83_RS22830,erm(41),erm(41),eDCC12,1,0
EFV83_RS09175,EFV83_RS09175,MlaD,eDCC12,0,0
EFV83_RS14505,EFV83_RS14505,phoP,eDCC12,2,0
EFV83_RS22805,EFV83_RS22805,MAB_2292c,eDCC12,0,0
EFV83_RS05225,rplB,rplB,eDCC12,3,1
EFV83_RS12000,EFV83_RS12000,embC,eDCC12,5,3
EFV83_RS11135,gyrA,gyrA,eDCC12,1,1
EFV83_RS06665,EFV83_RS06665,mps2,eDCC12,4,0
EFV83_RS22995,EFV83_RS22995,MAB_2329c,eDCC12,2,0
EFV83_RS13575,EFV83_RS13575,cya,eDCC12,1,0
EFV83_RS05595,EFV83_RS05595,devS,eDCC12,0,0
EFV83_RS06670,EFV83_RS06670,mps1,eDCC12,5,1
MAB_4027,EFV83_RS06315,MAB_4027,eDCC12,0,0
bisC,EFV83_RS01265,bisC,eDCC12,4,1
narK,EFV83_RS03745,narK,eDCC12,2,1
MAB_4699c,EFV83_RS09700,MAB_4699c,eDCC12,0,0
MAB_1274,EFV83_RS17570,MAB_1274,eDCC12,0,1
MCE4,EFV83_RS09195,MCE4,eDCC12,1,0
EFV83_RS03115,nrdF,nrdF,eDCC12,3,0
wag31,EFV83_RS21400,wag31,eDCC12,0,1
yrbE5A,EFV83_RS16205,yrbE5A,eDCC12,0,0
,EFV83_RS04910,EccC,eDCC12,3,6
pks16,EFV83_RS16890,pks16,eDCC12,0,0
sdhA,sdhA,sdhA,eDCC12,3,0
MAB_4601c,EFV83_RS09205,MAB_4601c,eDCC12,0,0
,EFV83_RS17290,MAB_1218,eDCC12,0,0
MAB_0185c,EFV83_RS11980,MAB_0185c,eDCC12,0,0
MAB_3462c,EFV83_RS03425,MAB_3462c,eDCC12,0,0
,egtA,egtA,eDCC12,0,1
furB,EFV83_RS19640,furB,eDCC12,0,0
infB,infB,infB,eDCC12,2,1
MAB_0140c,EFV83_RS11755,MAB_0140c,eDCC12,0,0
MAB_2268c,EFV83_RS22680,MAB_2268c,eDCC12,3,4
,EFV83_RS08245,MAB_4409,eDCC12,1,0
,EFV83_RS15930,MAB_0955c,eDCC12,0,1
,EFV83_RS06035,MAB_3972c,eDCC12,1,0
,EFV83_RS03280,MAB_3435,eDCC12,1,1
,EFV83_RS12465,tcyA/tcyB,eDCC12,0,0
,EFV83_RS06625,MAB_4090,eDCC12,1,0
,eis2,eis2,eDCC12,0,1
,EFV83_RS10930,MAB_4936,eDCC12,1,0
EFV83_RS14510,EFV83_RS14510,phoR,eDCC14,2,0
EFV83_RS04250,EFV83_RS04250,GtrA,eDCC14,0,0
EFV83_RS11625,EFV83_RS11625,espR,eDCC14,0,0
EFV83_RS23210,der,der,eDCC14,0,0
EFV83_RS01240,nrdR,nrdR,eDCC14,0,0
EFV83_RS13180,crp,crp,eDCC14,0,0
EFV83_RS09680,EFV83_RS09680,MAB_4695c,eDCC14,1,0
EFV83_RS20700,EFV83_RS20700,MAB_1881c,eDCC14,2,0
EFV83_RS18635,EFV83_RS18635,yhfI,eDCC14,0,0
EFV83_RS11920,EFV83_RS11920,ubiA,eDCC14,0,0
EFV83_RS09180,EFV83_RS09180,MAB_4596c,eDCC14,0,0
EFV83_RS03825,EFV83_RS03825,whiB1,eDCC14,0,0
EFV83_RS16510,EFV83_RS16510,MAB_1068c,eDCC14,1,0
EFV83_RS20890,EFV83_RS20890,MAB_1915,eDCC14,1,0
EFV83_RS22830,erm(41),erm(41),eDCC14,0,1
EFV83_RS09175,EFV83_RS09175,MlaD,eDCC14,0,0
EFV83_RS14505,EFV83_RS14505,phoP,eDCC14,0,0
EFV83_RS22805,EFV83_RS22805,MAB_2292c,eDCC14,0,0
EFV83_RS05225,rplB,rplB,eDCC14,0,0
EFV83_RS12000,EFV83_RS12000,embC,eDCC14,0,0
EFV83_RS11135,gyrA,gyrA,eDCC14,1,0
EFV83_RS06665,EFV83_RS06665,mps2,eDCC14,5,2
EFV83_RS22995,EFV83_RS22995,MAB_2329c,eDCC14,1,0
EFV83_RS13575,EFV83_RS13575,cya,eDCC14,4,0
EFV83_RS05595,EFV83_RS05595,devS,eDCC14,0,1
EFV83_RS06670,EFV83_RS06670,mps1,eDCC14,3,0
MAB_4027,EFV83_RS06315,MAB_4027,eDCC14,0,0
bisC,EFV83_RS01265,bisC,eDCC14,7,0
narK,EFV83_RS03745,narK,eDCC14,1,0
MAB_4699c,EFV83_RS09700,MAB_4699c,eDCC14,0,0
MAB_1274,EFV83_RS17570,MAB_1274,eDCC14,0,1
MCE4,EFV83_RS09195,MCE4,eDCC14,0,0
EFV83_RS03115,nrdF,nrdF,eDCC14,1,0
wag31,EFV83_RS21400,wag31,eDCC14,0,0
yrbE5A,EFV83_RS16205,yrbE5A,eDCC14,0,0
,EFV83_RS04910,EccC,eDCC14,2,0
pks16,EFV83_RS16890,pks16,eDCC14,0,0
sdhA,sdhA,sdhA,eDCC14,2,0
MAB_4601c,EFV83_RS09205,MAB_4601c,eDCC14,0,0
,EFV83_RS17290,MAB_1218,eDCC14,0,0
MAB_0185c,EFV83_RS11980,MAB_0185c,eDCC14,0,1
MAB_3462c,EFV83_RS03425,MAB_3462c,eDCC14,0,1
,egtA,egtA,eDCC14,0,1
furB,EFV83_RS19640,furB,eDCC14,0,0
infB,infB,infB,eDCC14,1,0
MAB_0140c,EFV83_RS11755,MAB_0140c,eDCC14,1,0
MAB_2268c,EFV83_RS22680,MAB_2268c,eDCC14,0,0
,EFV83_RS08245,MAB_4409,eDCC14,0,0
,EFV83_RS15930,MAB_0955c,eDCC14,0,0
,EFV83_RS06035,MAB_3972c,eDCC14,0,0
,EFV83_RS03280,MAB_3435,eDCC14,0,0
,EFV83_RS12465,tcyA/tcyB,eDCC14,0,0
,EFV83_RS06625,MAB_4090,eDCC14,0,0
,eis2,eis2,eDCC14,0,0
,EFV83_RS10930,MAB_4936,eDCC14,0,2
EFV83_RS14510,MMASJCM_RS03295,phoR,eDCC31,5,0
EFV83_RS04250,MMASJCM_RS17930,GtrA,eDCC31,1,0
EFV83_RS11625,MMASJCM_RS00590,espR,eDCC31,0,0
EFV83_RS23210,der,der,eDCC31,0,1
EFV83_RS01240,nrdR,nrdR,eDCC31,1,0
EFV83_RS13180,crp,crp,eDCC31,2,0
EFV83_RS09680,MMASJCM_RS23565,MAB_4695c,eDCC31,2,0
EFV83_RS20700,MMASJCM_RS25680,MAB_1881c,eDCC31,1,0
EFV83_RS18635,MMASJCM_RS07435,yhfI,eDCC31,0,1
EFV83_RS11920,MMASJCM_RS00865,ubiA,eDCC31,1,0
EFV83_RS09180,MMASJCM_RS23055,MAB_4596c,eDCC31,0,0
EFV83_RS03825,MMASJCM_RS17635,whiB1,eDCC31,0,1
EFV83_RS16510,EFV83_RS16510,MAB_1068c,eDCC31,0,0
EFV83_RS20890,MMASJCM_RS09555,MAB_1915,eDCC31,2,0
EFV83_RS22830,erm(41),erm(41),eDCC31,0,0
EFV83_RS09175,MMASJCM_RS23050,MlaD,eDCC31,1,0
EFV83_RS14505,MMASJCM_RS03290,phoP,eDCC31,1,0
EFV83_RS22805,EFV83_RS22805,MAB_2292c,eDCC31,0,0
EFV83_RS05225,rplB,rplB,eDCC31,0,0
EFV83_RS12000,MMASJCM_RS00945,embC,eDCC31,3,1
EFV83_RS11135,gyrA,gyrA,eDCC31,0,0
EFV83_RS06665,MMASJCM_RS20740,mps2,eDCC31,2,7
EFV83_RS22995,MMASJCM_RS11305,MAB_2329c,eDCC31,0,0
EFV83_RS13575,MMASJCM_RS02355,cya,eDCC31,1,1
EFV83_RS05595,MMASJCM_RS19365,devS,eDCC31,1,0
EFV83_RS06670,MMASJCM_RS20745,mps1,eDCC31,4,4
MAB_4027,MMASJCM_RS20390,MAB_4027,eDCC31,0,0
bisC,MMASJCM_RS15075,bisC,eDCC31,2,1
narK,MMASJCM_RS17555,narK,eDCC31,0,0
MAB_4699c,MMASJCM_RS23585,MAB_4699c,eDCC31,1,0
MAB_1274,MMASJCM_RS06395,MAB_1274,eDCC31,0,0
MCE4,MMASJCM_RS23070,MCE4,eDCC31,0,0
EFV83_RS03115,nrdF,nrdF,eDCC31,1,0
wag31,MMASJCM_RS10085,wag31,eDCC31,0,0
yrbE5A,MMASJCM_RS04590,yrbE5A,eDCC31,0,0
,MMASJCM_RS18695,EccC,eDCC31,0,0
pks16,MMASJCM_RS05665,pks16,eDCC31,1,0
sdhA,sdhA,sdhA,eDCC31,0,0
MAB_4601c,MMASJCM_RS23080,MAB_4601c,eDCC31,0,0
,MMASJCM_RS06140,MAB_1218,eDCC31,0,0
MAB_0185c,MMASJCM_RS00925,MAB_0185c,eDCC31,0,0
MAB_3462c,MMASJCM_RS17180,MAB_3462c,eDCC31,0,0
,egtA,egtA,eDCC31,0,0
furB,MMASJCM_RS08425,furB,eDCC31,0,0
infB,infB,infB,eDCC31,0,0
MAB_0140c,MMASJCM_RS00700,MAB_0140c,eDCC31,0,0
MAB_2268c,MMASJCM_RS11010,MAB_2268c,eDCC31,1,0
,MMASJCM_RS22145,MAB_4409,eDCC31,0,0
,MMASJCM_RS04325,MAB_0955c,eDCC31,0,0
,MMASJCM_RS20120,MAB_3972c,eDCC31,1,0
,MMASJCM_RS17050,MAB_3435,eDCC31,0,0
,MMASJCM_RS24705,tcyA/tcyB,eDCC31,0,1
,MMASJCM_RS20700,MAB_4090,eDCC31,0,1
,eis2,eis2,eDCC31,0,0
,MMASJCM_RS24435,MAB_4936,eDCC31,1,1
EFV83_RS14510,EFV83_RS14510,phoR,eDCC8,2,0
EFV83_RS04250,EFV83_RS04250,GtrA,eDCC8,1,0
EFV83_RS11625,EFV83_RS11625,espR,eDCC8,0,0
EFV83_RS23210,der,der,eDCC8,2,0
EFV83_RS01240,nrdR,nrdR,eDCC8,0,0
EFV83_RS13180,crp,crp,eDCC8,1,0
EFV83_RS09680,EFV83_RS09680,MAB_4695c,eDCC8,0,0
EFV83_RS20700,EFV83_RS20700,MAB_1881c,eDCC8,4,0
EFV83_RS18635,EFV83_RS18635,yhfI,eDCC8,3,0
EFV83_RS11920,EFV83_RS11920,ubiA,eDCC8,1,0
EFV83_RS09180,EFV83_RS09180,MAB_4596c,eDCC8,0,0
EFV83_RS03825,EFV83_RS03825,whiB1,eDCC8,0,0
EFV83_RS16510,EFV83_RS16510,MAB_1068c,eDCC8,3,0
EFV83_RS20890,EFV83_RS20890,MAB_1915,eDCC8,2,0
EFV83_RS22830,erm(41),erm(41),eDCC8,0,1
EFV83_RS09175,EFV83_RS09175,MlaD,eDCC8,0,0
EFV83_RS14505,EFV83_RS14505,phoP,eDCC8,0,0
EFV83_RS22805,EFV83_RS22805,MAB_2292c,eDCC8,2,0
EFV83_RS05225,rplB,rplB,eDCC8,0,0
EFV83_RS12000,EFV83_RS12000,embC,eDCC8,2,0
EFV83_RS11135,gyrA,gyrA,eDCC8,2,0
EFV83_RS06665,EFV83_RS06665,mps2,eDCC8,10,1
EFV83_RS22995,EFV83_RS22995,MAB_2329c,eDCC8,0,0
EFV83_RS13575,EFV83_RS13575,cya,eDCC8,1,0
EFV83_RS05595,EFV83_RS05595,devS,eDCC8,0,0
EFV83_RS06670,EFV83_RS06670,mps1,eDCC8,5,2
MAB_4027,EFV83_RS06315,MAB_4027,eDCC8,1,0
bisC,EFV83_RS01265,bisC,eDCC8,0,1
narK,EFV83_RS03745,narK,eDCC8,0,0
MAB_4699c,EFV83_RS09700,MAB_4699c,eDCC8,0,0
MAB_1274,EFV83_RS17570,MAB_1274,eDCC8,0,0
MCE4,EFV83_RS09195,MCE4,eDCC8,1,0
EFV83_RS03115,nrdF,nrdF,eDCC8,2,0
wag31,EFV83_RS21400,wag31,eDCC8,0,1
yrbE5A,EFV83_RS16205,yrbE5A,eDCC8,0,0
,EFV83_RS04910,EccC,eDCC8,0,1
pks16,EFV83_RS16890,pks16,eDCC8,0,0
sdhA,sdhA,sdhA,eDCC8,2,0
MAB_4601c,EFV83_RS09205,MAB_4601c,eDCC8,0,0
,EFV83_RS17290,MAB_1218,eDCC8,0,0
MAB_0185c,EFV83_RS11980,MAB_0185c,eDCC8,1,0
MAB_3462c,EFV83_RS03425,MAB_3462c,eDCC8,0,0
,egtA,egtA,eDCC8,0,0
furB,EFV83_RS19640,furB,eDCC8,0,0
infB,infB,infB,eDCC8,1,1
MAB_0140c,EFV83_RS11755,MAB_0140c,eDCC8,0,0
MAB_2268c,EFV83_RS22680,MAB_2268c,eDCC8,0,0
,EFV83_RS08245,MAB_4409,eDCC8,0,1
,EFV83_RS15930,MAB_0955c,eDCC8,0,0
,EFV83_RS06035,MAB_3972c,eDCC8,0,0
,EFV83_RS03280,MAB_3435,eDCC8,0,0
,EFV83_RS12465,tcyA/tcyB,eDCC8,0,0
,EFV83_RS06625,MAB_4090,eDCC8,0,0
,eis2,eis2,eDCC8,0,0
,EFV83_RS10930,MAB_4936,eDCC8,0,0
EFV83_RS14510,EFV83_RS14510,phoR,eDCC9,3,1
EFV83_RS04250,EFV83_RS04250,GtrA,eDCC9,4,0
EFV83_RS11625,EFV83_RS11625,espR,eDCC9,1,0
EFV83_RS23210,der,der,eDCC9,2,1
EFV83_RS01240,nrdR,nrdR,eDCC9,2,0
EFV83_RS13180,crp,crp,eDCC9,1,0
EFV83_RS09680,EFV83_RS09680,MAB_4695c,eDCC9,1,0
EFV83_RS20700,EFV83_RS20700,MAB_1881c,eDCC9,6,3
EFV83_RS18635,EFV83_RS18635,yhfI,eDCC9,0,0
EFV83_RS11920,EFV83_RS11920,ubiA,eDCC9,2,0
EFV83_RS09180,EFV83_RS09180,MAB_4596c,eDCC9,3,2
EFV83_RS03825,EFV83_RS03825,whiB1,eDCC9,0,0
EFV83_RS16510,EFV83_RS16510,MAB_1068c,eDCC9,5,0
EFV83_RS20890,EFV83_RS20890,MAB_1915,eDCC9,1,1
EFV83_RS22830,erm(41),erm(41),eDCC9,1,0
EFV83_RS09175,EFV83_RS09175,MlaD,eDCC9,2,0
EFV83_RS14505,EFV83_RS14505,phoP,eDCC9,1,0
EFV83_RS22805,EFV83_RS22805,MAB_2292c,eDCC9,5,0
EFV83_RS05225,rplB,rplB,eDCC9,3,1
EFV83_RS12000,EFV83_RS12000,embC,eDCC9,15,0
EFV83_RS11135,gyrA,gyrA,eDCC9,3,0
EFV83_RS06665,EFV83_RS06665,mps2,eDCC9,4,6
EFV83_RS22995,EFV83_RS22995,MAB_2329c,eDCC9,0,0
EFV83_RS13575,EFV83_RS13575,cya,eDCC9,0,0
EFV83_RS05595,EFV83_RS05595,devS,eDCC9,1,0
EFV83_RS06670,EFV83_RS06670,mps1,eDCC9,7,2
MAB_4027,EFV83_RS06315,MAB_4027,eDCC9,1,0
bisC,EFV83_RS01265,bisC,eDCC9,7,2
narK,EFV83_RS03745,narK,eDCC9,4,3
MAB_4699c,EFV83_RS09700,MAB_4699c,eDCC9,0,0
MAB_1274,EFV83_RS17570,MAB_1274,eDCC9,0,0
MCE4,EFV83_RS09195,MCE4,eDCC9,1,3
EFV83_RS03115,nrdF,nrdF,eDCC9,2,0
wag31,EFV83_RS21400,wag31,eDCC9,0,0
yrbE5A,EFV83_RS16205,yrbE5A,eDCC9,1,0
,EFV83_RS04910,EccC,eDCC9,0,3
pks16,EFV83_RS16890,pks16,eDCC9,0,0
sdhA,sdhA,sdhA,eDCC9,0,0
MAB_4601c,EFV83_RS09205,MAB_4601c,eDCC9,0,0
,EFV83_RS17290,MAB_1218,eDCC9,0,2
MAB_0185c,EFV83_RS11980,MAB_0185c,eDCC9,0,0
MAB_3462c,EFV83_RS03425,MAB_3462c,eDCC9,0,0
,egtA,egtA,eDCC9,1,0
furB,EFV83_RS19640,furB,eDCC9,0,0
infB,infB,infB,eDCC9,1,0
MAB_0140c,EFV83_RS11755,MAB_0140c,eDCC9,1,0
MAB_2268c,EFV83_RS22680,MAB_2268c,eDCC9,1,0
,EFV83_RS08245,MAB_4409,eDCC9,1,0
,EFV83_RS15930,MAB_0955c,eDCC9,0,1
,EFV83_RS06035,MAB_3972c,eDCC9,0,1
,EFV83_RS03280,MAB_3435,eDCC9,0,0
,EFV83_RS12465,tcyA/tcyB,eDCC9,1,0
,EFV83_RS06625,MAB_4090,eDCC9,1,1
,eis2,eis2,eDCC9,0,0
,EFV83_RS10930,MAB_4936,eDCC9,1,0
EFV83_RS14510,EFV83_RS14510,phoR,eDCC13,1,0
EFV83_RS04250,EFV83_RS04250,GtrA,eDCC13,0,6
EFV83_RS11625,EFV83_RS11625,espR,eDCC13,0,0
EFV83_RS23210,der,der,eDCC13,0,0
EFV83_RS01240,nrdR,nrdR,eDCC13,0,2
EFV83_RS13180,crp,crp,eDCC13,0,5
EFV83_RS09680,EFV83_RS09680,MAB_4695c,eDCC13,1,2
EFV83_RS20700,EFV83_RS20700,MAB_1881c,eDCC13,2,1
EFV83_RS18635,EFV83_RS18635,yhfI,eDCC13,0,0
EFV83_RS11920,EFV83_RS11920,ubiA,eDCC13,0,0
EFV83_RS09180,EFV83_RS09180,MAB_4596c,eDCC13,0,1
EFV83_RS03825,EFV83_RS03825,whiB1,eDCC13,0,0
EFV83_RS16510,EFV83_RS16510,MAB_1068c,eDCC13,2,0
EFV83_RS20890,EFV83_RS20890,MAB_1915,eDCC13,0,2
EFV83_RS22830,erm(41),erm(41),eDCC13,1,2
EFV83_RS09175,EFV83_RS09175,MlaD,eDCC13,0,0
EFV83_RS14505,EFV83_RS14505,phoP,eDCC13,0,0
EFV83_RS22805,EFV83_RS22805,MAB_2292c,eDCC13,0,0
EFV83_RS05225,rplB,rplB,eDCC13,0,0
EFV83_RS12000,EFV83_RS12000,embC,eDCC13,1,0
EFV83_RS11135,gyrA,gyrA,eDCC13,1,1
EFV83_RS06665,EFV83_RS06665,mps2,eDCC13,6,8
EFV83_RS22995,EFV83_RS22995,MAB_2329c,eDCC13,0,0
EFV83_RS13575,EFV83_RS13575,cya,eDCC13,2,6
EFV83_RS05595,EFV83_RS05595,devS,eDCC13,1,0
EFV83_RS06670,EFV83_RS06670,mps1,eDCC13,5,16
MAB_4027,EFV83_RS06315,MAB_4027,eDCC13,0,3
bisC,EFV83_RS01265,bisC,eDCC13,1,5
narK,EFV83_RS03745,narK,eDCC13,0,0
MAB_4699c,EFV83_RS09700,MAB_4699c,eDCC13,0,2
MAB_1274,EFV83_RS17570,MAB_1274,eDCC13,0,0
MCE4,EFV83_RS09195,MCE4,eDCC13,0,0
EFV83_RS03115,nrdF,nrdF,eDCC13,0,0
wag31,EFV83_RS21400,wag31,eDCC13,0,0
yrbE5A,EFV83_RS16205,yrbE5A,eDCC13,0,0
,EFV83_RS04910,EccC,eDCC13,0,0
pks16,EFV83_RS16890,pks16,eDCC13,0,1
sdhA,sdhA,sdhA,eDCC13,0,2
MAB_4601c,EFV83_RS09205,MAB_4601c,eDCC13,1,1
,EFV83_RS17290,MAB_1218,eDCC13,0,1
MAB_0185c,EFV83_RS11980,MAB_0185c,eDCC13,0,0
MAB_3462c,EFV83_RS03425,MAB_3462c,eDCC13,1,0
,egtA,egtA,eDCC13,0,0
furB,EFV83_RS19640,furB,eDCC13,0,0
infB,infB,infB,eDCC13,0,8
MAB_0140c,EFV83_RS11755,MAB_0140c,eDCC13,1,0
MAB_2268c,EFV83_RS22680,MAB_2268c,eDCC13,0,0
,EFV83_RS08245,MAB_4409,eDCC13,0,0
,EFV83_RS15930,MAB_0955c,eDCC13,0,3
,EFV83_RS06035,MAB_3972c,eDCC13,0,2
,EFV83_RS03280,MAB_3435,eDCC13,0,0
,EFV83_RS12465,tcyA/tcyB,eDCC13,0,0
,EFV83_RS06625,MAB_4090,eDCC13,1,5
,eis2,eis2,eDCC13,0,0
,EFV83_RS10930,MAB_4936,eDCC13,0,0
,EFV83_RS16555,MAB_1077,DCC1,10,6
,EFV83_RS16555,MAB_1077,DCC2,0,0
,MMASJCM_RS05425,MAB_1077,DCC3,11,2
,EFV83_RS16555,MAB_1077,DCC4,0,1
,EFV83_RS16555,MAB_1077,DCC5,0,1
,MMASJCM_RS05425,MAB_1077,DCC6,2,0
,MMASJCM_RS05425,MAB_1077,DCC7,1,0
,EFV83_RS16555,MAB_1077,eDCC8,0,0
,EFV83_RS16555,MAB_1077,eDCC9,0,0
,EFV83_RS16555,MAB_1077,eDCC10,0,0
,EFV83_RS16555,MAB_1077,eDCC11,0,1
,EFV83_RS16555,MAB_1077,eDCC12,1,6
,EFV83_RS16555,MAB_1077,eDCC13,2,0
,EFV83_RS16555,MAB_1077,eDCC14,0,0
,MMASJCM_RS05425,MAB_1077,eDCC31,0,0
,EFV83_RS07885,MAB_4336,DCC1,3,3
,EFV83_RS07886,MAB_4336,DCC2,1,2
,MMASJCM_RS21980,MAB_4336,DCC3,9,2
,EFV83_RS07886,MAB_4336,DCC4,0,1
,EFV83_RS07886,MAB_4336,DCC5,0,0
,MMASJCM_RS21980,MAB_4336,DCC6,1,0
,MMASJCM_RS21980,MAB_4336,DCC7,0,0
,EFV83_RS07886,MAB_4336,eDCC8,0,0
,EFV83_RS07886,MAB_4336,eDCC9,0,0
,EFV83_RS07886,MAB_4336,eDCC10,0,0
,EFV83_RS07886,MAB_4336,eDCC11,0,0
,EFV83_RS07886,MAB_4336,eDCC12,0,0
,EFV83_RS07886,MAB_4336,eDCC13,0,0
,EFV83_RS07886,MAB_4336,eDCC14,0,0
,MMASJCM_RS21980,MAB_4336,eDCC31,0,0
,EFV83_RS22725,MAB_2277,DCC1,6,7
,EFV83_RS22725,MAB_2277,DCC2,2,6
,MMASJCM_RS11055,MAB_2277,DCC3,8,1
,EFV83_RS22725,MAB_2277,DCC4,0,0
,EFV83_RS22725,MAB_2277,DCC5,1,1
,MMASJCM_RS11055,MAB_2277,DCC6,0,0
,MMASJCM_RS11055,MAB_2277,DCC7,0,0
,EFV83_RS22725,MAB_2277,eDCC8,2,3
,EFV83_RS22725,MAB_2277,eDCC9,1,0
,EFV83_RS22725,MAB_2277,eDCC10,1,0
,EFV83_RS22725,MAB_2277,eDCC11,1,0
,EFV83_RS22725,MAB_2277,eDCC12,0,0
,EFV83_RS22725,MAB_2277,eDCC13,0,2
,EFV83_RS22725,MAB_2277,eDCC14,1,0
,MMASJCM_RS11055,MAB_2277,eDCC31,0,0
